{
    "WHITELISTED_DEVICE_NAMES": [
        "ble_periph_server",
		"zephyr_ble_vent"
    ],
    "WHITELISTED_DEVICE_ADDRESSES": [
        "D5:BB:FF:22:11:94",
		"D5:BB:FF:22:11:93"
    ],
    "UUIDS": {
        "UUID_BATTERY": "E093F3B5-00A3-A9E5-9ECA-50026E0EDC24",
        "UUID_LED_STATE": "E093F3B5-00A3-A9E5-9ECA-50036E0EDC24",
        "UUID_BUTTON_STATE": "E093F3B5-00A3-A9E5-9ECA-50046E0EDC24",
        "UUID_VENT_STATE": "E093F3B5-00A3-A9E5-9ECA-50056E0EDC24",
        "UUID_HUMIDITY": "E093F3B5-00A3-A9E5-9ECA-50066E0EDC24",
        "UUID_TEMPERATURE": "E093F3B5-00A3-A9E5-9ECA-50076E0EDC24",
        "UUID_TEMP_UPPER_THRESHOLD": "E093F3B5-00A3-A9E5-9ECA-50086E0EDC24",
        "UUID_TEMP_LOWER_THRESHOLD": "E093F3B5-00A3-A9E5-9ECA-50096E0EDC24"
    }
}