{
    "D5:BB:FF:22:11:94": {
        "device_name": "zephyr_ble_vent",
        "last_discover_utc": 1669693003,
        "last_data_exchange_utc": 1669693048,
        "last_read_rssi": -44,
        "vent_description": "Bedroom 1",
        "vent_closed": false,
        "last_temperature": 28.63,
        "last_humidity": 35.43,
        "last_battery_level": 100,
        "last_led_state": 0,
        "last_button_state": 0,
        "temp_upper_threshold": 0,
        "temp_lower_threshold": 0
    },
	"D5:BB:FF:22:11:93": {
        "device_name": "zephyr_ble_vent",
        "last_discover_utc": 1669693003,
        "last_data_exchange_utc": 1669693048,
        "last_read_rssi": -44,
        "vent_description": "Bathroom",
        "vent_closed": false,
        "last_temperature": 28.63,
        "last_humidity": 35.43,
        "last_battery_level": 100,
        "last_led_state": 0,
        "last_button_state": 0,
        "temp_upper_threshold": 0,
        "temp_lower_threshold": 0
    }
}